model,rank,parameters,vocabulary_size,context,speed,commercial,merge,allocine,eltec,scala_fr,fquad,allocine_version,eltec_version,scala_fr_version,fquad_version
OpenLLM-France/Lucie-7B-Instruct (few-shot),1.0,6706960384,65024,32000,3346.44,✗,✗,93.67 ± 0.54 / 96.81 ± 0.28@@93.66635679650966,37.18 ± 1.35 / 34.94 ± 1.85@@37.183440354335254,13.67 ± 1.33 / 54.82 ± 1.39@@13.669092832675018,67.66 ± 1.14 / 41.06 ± 0.86@@67.65969731773598,14.3.0.dev0@@140300,14.3.0.dev0@@140300,14.3.0.dev0@@140300,14.3.0.dev0@@140300
OpenLLM-France/Lucie-7B (few-shot),3.0,6706960384,65024,32000,1471.32,✓,✗,92.08 ± 1.06 / 95.93 ± 0.57@@92.08343704297157,33.49 ± 1.79 / 32.90 ± 1.94@@33.493901244639524,5.68 ± 1.20 / 41.54 ± 2.91@@5.683264881676484,33.69 ± 1.48 / 0.12 ± 0.03@@33.694693153167634,14.3.0.dev0@@140300,14.3.0.dev0@@140300,14.3.0.dev0@@140300,14.3.0.dev0@@140300
